intersection_id,tollgate_id,week,time_window,wind_direction,wind_speed,temperature,rel_humidity,precipitation,avg_travel_time
"A","2","1","2016-10-18 08:00:00,2016-10-18 08:20:00","1012.5000","1017.5000","128.0000","1.6000","23.4000","73.0000","0.0000","681.3"
"A","2","1","2016-10-18 08:20:00,2016-10-18 08:40:00","1012.5000","1017.5000","128.0000","1.6000","23.4000","73.0000","0.0000","128.11"
"A","2","1","2016-10-18 08:40:00,2016-10-18 09:00:00","1012.5000","1017.5000","128.0000","1.6000","23.4000","73.0000","0.0000","176.23"
"A","2","1","2016-10-18 09:00:00,2016-10-18 09:20:00","1013.0000","1018.0000","205.0000","0.6000","20.9000","94.0000","1.8000","749.09"
"A","2","1","2016-10-18 09:20:00,2016-10-18 09:40:00","1013.0000","1018.0000","205.0000","0.6000","20.9000","94.0000","1.8000","37.22"
"A","2","1","2016-10-18 09:40:00,2016-10-18 10:00:00","1013.0000","1018.0000","205.0000","0.6000","20.9000","94.0000","1.8000","184.95"
"A","2","2","2016-10-19 08:00:00,2016-10-19 08:20:00","1010.8000","1015.8000","89.0000","2.1000","20.7000","94.0000","1.0000","614.73"
"A","2","2","2016-10-19 08:20:00,2016-10-19 08:40:00","1010.8000","1015.8000","89.0000","2.1000","20.7000","94.0000","1.0000","118.63"
"A","2","2","2016-10-19 08:40:00,2016-10-19 09:00:00","1010.8000","1015.8000","89.0000","2.1000","20.7000","94.0000","1.0000","63.27"
"A","2","2","2016-10-19 09:00:00,2016-10-19 09:20:00","1010.9000","1015.9000","96.0000","1.8000","20.5000","95.0000","0.2000","516.6"
"A","2","2","2016-10-19 09:20:00,2016-10-19 09:40:00","1010.9000","1015.9000","96.0000","1.8000","20.5000","95.0000","0.2000","42.83"
"A","2","2","2016-10-19 09:40:00,2016-10-19 10:00:00","1010.9000","1015.9000","96.0000","1.8000","20.5000","95.0000","0.2000","459.44"
"A","2","3","2016-10-20 08:00:00,2016-10-20 08:20:00","1007.8000","1012.8000","94.0000","2.7000","22.3000","91.0000","0.0000","56.98"
"A","2","3","2016-10-20 08:20:00,2016-10-20 08:40:00","1007.8000","1012.8000","94.0000","2.7000","22.3000","91.0000","0.0000","566.16"
"A","2","3","2016-10-20 08:40:00,2016-10-20 09:00:00","1007.8000","1012.8000","94.0000","2.7000","22.3000","91.0000","0.0000","125.39"
"A","2","3","2016-10-20 09:00:00,2016-10-20 09:20:00","1008.1000","1013.1000","96.0000","2.0000","22.4000","91.0000","0.0000","777.55"
"A","2","3","2016-10-20 09:20:00,2016-10-20 09:40:00","1008.1000","1013.1000","96.0000","2.0000","22.4000","91.0000","0.0000","205.22"
"A","2","3","2016-10-20 09:40:00,2016-10-20 10:00:00","1008.1000","1013.1000","96.0000","2.0000","22.4000","91.0000","0.0000","164.18"
"A","2","4","2016-10-21 08:00:00,2016-10-21 08:20:00","1004.1000","1009.1000","335.0000","3.1000","21.4000","98.0000","0.5000","466.2"
"A","2","4","2016-10-21 08:20:00,2016-10-21 08:40:00","1004.1000","1009.1000","335.0000","3.1000","21.4000","98.0000","0.5000","765.33"
"A","2","4","2016-10-21 08:40:00,2016-10-21 09:00:00","1004.1000","1009.1000","335.0000","3.1000","21.4000","98.0000","0.5000","700.79"
"A","2","4","2016-10-21 09:00:00,2016-10-21 09:20:00","1004.3000","1009.3000","340.0000","2.8000","21.2000","98.0000","0.0000","416.49"
"A","2","4","2016-10-21 09:20:00,2016-10-21 09:40:00","1004.3000","1009.3000","340.0000","2.8000","21.2000","98.0000","0.0000","248.9"
"A","2","4","2016-10-21 09:40:00,2016-10-21 10:00:00","1004.3000","1009.3000","340.0000","2.8000","21.2000","98.0000","0.0000","673.67"
"A","2","5","2016-10-22 08:00:00,2016-10-22 08:20:00","1000.2000","1005.1000","86.0000","2.9000","22.6000","96.0000","0.1000","574.81"
"A","2","5","2016-10-22 08:20:00,2016-10-22 08:40:00","1000.2000","1005.1000","86.0000","2.9000","22.6000","96.0000","0.1000","621.6"
"A","2","5","2016-10-22 08:40:00,2016-10-22 09:00:00","1000.2000","1005.1000","86.0000","2.9000","22.6000","96.0000","0.1000","638.73"
"A","2","5","2016-10-22 09:00:00,2016-10-22 09:20:00","999.4000","1004.3000","117.0000","2.0000","22.8000","97.0000","3.1000","640.95"
"A","2","5","2016-10-22 09:20:00,2016-10-22 09:40:00","999.4000","1004.3000","117.0000","2.0000","22.8000","97.0000","3.1000","306.12"
"A","2","5","2016-10-22 09:40:00,2016-10-22 10:00:00","999.4000","1004.3000","117.0000","2.0000","22.8000","97.0000","3.1000","377.38"
"A","2","6","2016-10-23 08:00:00,2016-10-23 08:20:00","1009.1000","1014.1000","13.0000","3.2000","20.6000","84.0000","0.0000","730.58"
"A","2","6","2016-10-23 08:20:00,2016-10-23 08:40:00","1009.1000","1014.1000","13.0000","3.2000","20.6000","84.0000","0.0000","498.97"
"A","2","6","2016-10-23 08:40:00,2016-10-23 09:00:00","1009.1000","1014.1000","13.0000","3.2000","20.6000","84.0000","0.0000","426.61"
"A","2","6","2016-10-23 09:00:00,2016-10-23 09:20:00","1009.9000","1014.9000","344.0000","1.9000","20.4000","87.0000","0.0000","717.12"
"A","2","6","2016-10-23 09:20:00,2016-10-23 09:40:00","1009.9000","1014.9000","344.0000","1.9000","20.4000","87.0000","0.0000","474.32"
"A","2","6","2016-10-23 09:40:00,2016-10-23 10:00:00","1009.9000","1014.9000","344.0000","1.9000","20.4000","87.0000","0.0000","324.1"
"A","2","0","2016-10-24 08:00:00,2016-10-24 08:20:00","1007.7000","1012.7000","175.0000","1.4000","24.5000","68.0000","0.0000","767"
"A","2","0","2016-10-24 08:20:00,2016-10-24 08:40:00","1007.7000","1012.7000","175.0000","1.4000","24.5000","68.0000","0.0000","164.69"
"A","2","0","2016-10-24 08:40:00,2016-10-24 09:00:00","1007.7000","1012.7000","175.0000","1.4000","24.5000","68.0000","0.0000","408.97"
"A","2","0","2016-10-24 09:00:00,2016-10-24 09:20:00","1007.3000","1012.3000","133.0000","0.9000","23.5000","79.0000","0.0000","546.08"
"A","2","0","2016-10-24 09:20:00,2016-10-24 09:40:00","1007.3000","1012.3000","133.0000","0.9000","23.5000","79.0000","0.0000","314.55"
"A","2","0","2016-10-24 09:40:00,2016-10-24 10:00:00","1007.3000","1012.3000","133.0000","0.9000","23.5000","79.0000","0.0000","738.45"
"A","3","1","2016-10-18 08:00:00,2016-10-18 08:20:00","1012.5000","1017.5000","128.0000","1.6000","23.4000","73.0000","0.0000","390.3"
"A","3","1","2016-10-18 08:20:00,2016-10-18 08:40:00","1012.5000","1017.5000","128.0000","1.6000","23.4000","73.0000","0.0000","581.84"
"A","3","1","2016-10-18 08:40:00,2016-10-18 09:00:00","1012.5000","1017.5000","128.0000","1.6000","23.4000","73.0000","0.0000","35.58"
"A","3","1","2016-10-18 09:00:00,2016-10-18 09:20:00","1013.0000","1018.0000","205.0000","0.6000","20.9000","94.0000","1.8000","636.4"
"A","3","1","2016-10-18 09:20:00,2016-10-18 09:40:00","1013.0000","1018.0000","205.0000","0.6000","20.9000","94.0000","1.8000","277.84"
"A","3","1","2016-10-18 09:40:00,2016-10-18 10:00:00","1013.0000","1018.0000","205.0000","0.6000","20.9000","94.0000","1.8000","338.26"
"A","3","2","2016-10-19 08:00:00,2016-10-19 08:20:00","1010.8000","1015.8000","89.0000","2.1000","20.7000","94.0000","1.0000","480.7"
"A","3","2","2016-10-19 08:20:00,2016-10-19 08:40:00","1010.8000","1015.8000","89.0000","2.1000","20.7000","94.0000","1.0000","109.43"
"A","3","2","2016-10-19 08:40:00,2016-10-19 09:00:00","1010.8000","1015.8000","89.0000","2.1000","20.7000","94.0000","1.0000","518.37"
"A","3","2","2016-10-19 09:00:00,2016-10-19 09:20:00","1010.9000","1015.9000","96.0000","1.8000","20.5000","95.0000","0.2000","96.84"
"A","3","2","2016-10-19 09:20:00,2016-10-19 09:40:00","1010.9000","1015.9000","96.0000","1.8000","20.5000","95.0000","0.2000","484.39"
"A","3","2","2016-10-19 09:40:00,2016-10-19 10:00:00","1010.9000","1015.9000","96.0000","1.8000","20.5000","95.0000","0.2000","156.15"
"A","3","3","2016-10-20 08:00:00,2016-10-20 08:20:00","1007.8000","1012.8000","94.0000","2.7000","22.3000","91.0000","0.0000","323.64"
"A","3","3","2016-10-20 08:20:00,2016-10-20 08:40:00","1007.8000","1012.8000","94.0000","2.7000","22.3000","91.0000","0.0000","283.28"
"A","3","3","2016-10-20 08:40:00,2016-10-20 09:00:00","1007.8000","1012.8000","94.0000","2.7000","22.3000","91.0000","0.0000","57.28"
"A","3","3","2016-10-20 09:00:00,2016-10-20 09:20:00","1008.1000","1013.1000","96.0000","2.0000","22.4000","91.0000","0.0000","607.32"
"A","3","3","2016-10-20 09:20:00,2016-10-20 09:40:00","1008.1000","1013.1000","96.0000","2.0000","22.4000","91.0000","0.0000","458.32"
"A","3","3","2016-10-20 09:40:00,2016-10-20 10:00:00","1008.1000","1013.1000","96.0000","2.0000","22.4000","91.0000","0.0000","527.3"
"A","3","4","2016-10-21 08:00:00,2016-10-21 08:20:00","1004.1000","1009.1000","335.0000","3.1000","21.4000","98.0000","0.5000","501.64"
"A","3","4","2016-10-21 08:20:00,2016-10-21 08:40:00","1004.1000","1009.1000","335.0000","3.1000","21.4000","98.0000","0.5000","525.49"
"A","3","4","2016-10-21 08:40:00,2016-10-21 09:00:00","1004.1000","1009.1000","335.0000","3.1000","21.4000","98.0000","0.5000","137.07"
"A","3","4","2016-10-21 09:00:00,2016-10-21 09:20:00","1004.3000","1009.3000","340.0000","2.8000","21.2000","98.0000","0.0000","758.6"
"A","3","4","2016-10-21 09:20:00,2016-10-21 09:40:00","1004.3000","1009.3000","340.0000","2.8000","21.2000","98.0000","0.0000","441.29"
"A","3","4","2016-10-21 09:40:00,2016-10-21 10:00:00","1004.3000","1009.3000","340.0000","2.8000","21.2000","98.0000","0.0000","32.53"
"A","3","5","2016-10-22 08:00:00,2016-10-22 08:20:00","1000.2000","1005.1000","86.0000","2.9000","22.6000","96.0000","0.1000","443.47"
"A","3","5","2016-10-22 08:20:00,2016-10-22 08:40:00","1000.2000","1005.1000","86.0000","2.9000","22.6000","96.0000","0.1000","244.97"
"A","3","5","2016-10-22 08:40:00,2016-10-22 09:00:00","1000.2000","1005.1000","86.0000","2.9000","22.6000","96.0000","0.1000","131.41"
"A","3","5","2016-10-22 09:00:00,2016-10-22 09:20:00","999.4000","1004.3000","117.0000","2.0000","22.8000","97.0000","3.1000","641.04"
"A","3","5","2016-10-22 09:20:00,2016-10-22 09:40:00","999.4000","1004.3000","117.0000","2.0000","22.8000","97.0000","3.1000","668.38"
"A","3","5","2016-10-22 09:40:00,2016-10-22 10:00:00","999.4000","1004.3000","117.0000","2.0000","22.8000","97.0000","3.1000","605.73"
"A","3","6","2016-10-23 08:00:00,2016-10-23 08:20:00","1009.1000","1014.1000","13.0000","3.2000","20.6000","84.0000","0.0000","74.13"
"A","3","6","2016-10-23 08:20:00,2016-10-23 08:40:00","1009.1000","1014.1000","13.0000","3.2000","20.6000","84.0000","0.0000","680.94"
"A","3","6","2016-10-23 08:40:00,2016-10-23 09:00:00","1009.1000","1014.1000","13.0000","3.2000","20.6000","84.0000","0.0000","212.75"
"A","3","6","2016-10-23 09:00:00,2016-10-23 09:20:00","1009.9000","1014.9000","344.0000","1.9000","20.4000","87.0000","0.0000","43.47"
"A","3","6","2016-10-23 09:20:00,2016-10-23 09:40:00","1009.9000","1014.9000","344.0000","1.9000","20.4000","87.0000","0.0000","415.92"
"A","3","6","2016-10-23 09:40:00,2016-10-23 10:00:00","1009.9000","1014.9000","344.0000","1.9000","20.4000","87.0000","0.0000","709.27"
"A","3","0","2016-10-24 08:00:00,2016-10-24 08:20:00","1007.7000","1012.7000","175.0000","1.4000","24.5000","68.0000","0.0000","43.57"
"A","3","0","2016-10-24 08:20:00,2016-10-24 08:40:00","1007.7000","1012.7000","175.0000","1.4000","24.5000","68.0000","0.0000","227.41"
"A","3","0","2016-10-24 08:40:00,2016-10-24 09:00:00","1007.7000","1012.7000","175.0000","1.4000","24.5000","68.0000","0.0000","272.43"
"A","3","0","2016-10-24 09:00:00,2016-10-24 09:20:00","1007.3000","1012.3000","133.0000","0.9000","23.5000","79.0000","0.0000","283.76"
"A","3","0","2016-10-24 09:20:00,2016-10-24 09:40:00","1007.3000","1012.3000","133.0000","0.9000","23.5000","79.0000","0.0000","547.64"
"A","3","0","2016-10-24 09:40:00,2016-10-24 10:00:00","1007.3000","1012.3000","133.0000","0.9000","23.5000","79.0000","0.0000","157.63"
"B","1","1","2016-10-18 08:00:00,2016-10-18 08:20:00","1012.5000","1017.5000","128.0000","1.6000","23.4000","73.0000","0.0000","796.15"
"B","1","1","2016-10-18 08:20:00,2016-10-18 08:40:00","1012.5000","1017.5000","128.0000","1.6000","23.4000","73.0000","0.0000","764.56"
"B","1","1","2016-10-18 08:40:00,2016-10-18 09:00:00","1012.5000","1017.5000","128.0000","1.6000","23.4000","73.0000","0.0000","627.1"
"B","1","1","2016-10-18 09:00:00,2016-10-18 09:20:00","1013.0000","1018.0000","205.0000","0.6000","20.9000","94.0000","1.8000","576.95"
"B","1","1","2016-10-18 09:20:00,2016-10-18 09:40:00","1013.0000","1018.0000","205.0000","0.6000","20.9000","94.0000","1.8000","151.97"
"B","1","1","2016-10-18 09:40:00,2016-10-18 10:00:00","1013.0000","1018.0000","205.0000","0.6000","20.9000","94.0000","1.8000","720.37"
"B","1","2","2016-10-19 08:00:00,2016-10-19 08:20:00","1010.8000","1015.8000","89.0000","2.1000","20.7000","94.0000","1.0000","195.55"
"B","1","2","2016-10-19 08:20:00,2016-10-19 08:40:00","1010.8000","1015.8000","89.0000","2.1000","20.7000","94.0000","1.0000","462.95"
"B","1","2","2016-10-19 08:40:00,2016-10-19 09:00:00","1010.8000","1015.8000","89.0000","2.1000","20.7000","94.0000","1.0000","213.37"
"B","1","2","2016-10-19 09:00:00,2016-10-19 09:20:00","1010.9000","1015.9000","96.0000","1.8000","20.5000","95.0000","0.2000","43.09"
"B","1","2","2016-10-19 09:20:00,2016-10-19 09:40:00","1010.9000","1015.9000","96.0000","1.8000","20.5000","95.0000","0.2000","232.07"
"B","1","2","2016-10-19 09:40:00,2016-10-19 10:00:00","1010.9000","1015.9000","96.0000","1.8000","20.5000","95.0000","0.2000","745.97"
"B","1","3","2016-10-20 08:00:00,2016-10-20 08:20:00","1007.8000","1012.8000","94.0000","2.7000","22.3000","91.0000","0.0000","731.14"
"B","1","3","2016-10-20 08:20:00,2016-10-20 08:40:00","1007.8000","1012.8000","94.0000","2.7000","22.3000","91.0000","0.0000","266.5"
"B","1","3","2016-10-20 08:40:00,2016-10-20 09:00:00","1007.8000","1012.8000","94.0000","2.7000","22.3000","91.0000","0.0000","527.62"
"B","1","3","2016-10-20 09:00:00,2016-10-20 09:20:00","1008.1000","1013.1000","96.0000","2.0000","22.4000","91.0000","0.0000","205.01"
"B","1","3","2016-10-20 09:20:00,2016-10-20 09:40:00","1008.1000","1013.1000","96.0000","2.0000","22.4000","91.0000","0.0000","127.86"
"B","1","3","2016-10-20 09:40:00,2016-10-20 10:00:00","1008.1000","1013.1000","96.0000","2.0000","22.4000","91.0000","0.0000","596.23"
"B","1","4","2016-10-21 08:00:00,2016-10-21 08:20:00","1004.1000","1009.1000","335.0000","3.1000","21.4000","98.0000","0.5000","694.67"
"B","1","4","2016-10-21 08:20:00,2016-10-21 08:40:00","1004.1000","1009.1000","335.0000","3.1000","21.4000","98.0000","0.5000","70.78"
"B","1","4","2016-10-21 08:40:00,2016-10-21 09:00:00","1004.1000","1009.1000","335.0000","3.1000","21.4000","98.0000","0.5000","217.8"
"B","1","4","2016-10-21 09:00:00,2016-10-21 09:20:00","1004.3000","1009.3000","340.0000","2.8000","21.2000","98.0000","0.0000","295.28"
"B","1","4","2016-10-21 09:20:00,2016-10-21 09:40:00","1004.3000","1009.3000","340.0000","2.8000","21.2000","98.0000","0.0000","241.35"
"B","1","4","2016-10-21 09:40:00,2016-10-21 10:00:00","1004.3000","1009.3000","340.0000","2.8000","21.2000","98.0000","0.0000","598.35"
"B","1","5","2016-10-22 08:00:00,2016-10-22 08:20:00","1000.2000","1005.1000","86.0000","2.9000","22.6000","96.0000","0.1000","353.56"
"B","1","5","2016-10-22 08:20:00,2016-10-22 08:40:00","1000.2000","1005.1000","86.0000","2.9000","22.6000","96.0000","0.1000","35.91"
"B","1","5","2016-10-22 08:40:00,2016-10-22 09:00:00","1000.2000","1005.1000","86.0000","2.9000","22.6000","96.0000","0.1000","507.65"
"B","1","5","2016-10-22 09:00:00,2016-10-22 09:20:00","999.4000","1004.3000","117.0000","2.0000","22.8000","97.0000","3.1000","111.32"
"B","1","5","2016-10-22 09:20:00,2016-10-22 09:40:00","999.4000","1004.3000","117.0000","2.0000","22.8000","97.0000","3.1000","793.58"
"B","1","5","2016-10-22 09:40:00,2016-10-22 10:00:00","999.4000","1004.3000","117.0000","2.0000","22.8000","97.0000","3.1000","191.64"
"B","1","6","2016-10-23 08:00:00,2016-10-23 08:20:00","1009.1000","1014.1000","13.0000","3.2000","20.6000","84.0000","0.0000","32.5"
"B","1","6","2016-10-23 08:20:00,2016-10-23 08:40:00","1009.1000","1014.1000","13.0000","3.2000","20.6000","84.0000","0.0000","417.39"
"B","1","6","2016-10-23 08:40:00,2016-10-23 09:00:00","1009.1000","1014.1000","13.0000","3.2000","20.6000","84.0000","0.0000","555.48"
"B","1","6","2016-10-23 09:00:00,2016-10-23 09:20:00","1009.9000","1014.9000","344.0000","1.9000","20.4000","87.0000","0.0000","347.68"
"B","1","6","2016-10-23 09:20:00,2016-10-23 09:40:00","1009.9000","1014.9000","344.0000","1.9000","20.4000","87.0000","0.0000","772.43"
"B","1","6","2016-10-23 09:40:00,2016-10-23 10:00:00","1009.9000","1014.9000","344.0000","1.9000","20.4000","87.0000","0.0000","108.72"
"B","1","0","2016-10-24 08:00:00,2016-10-24 08:20:00","1007.7000","1012.7000","175.0000","1.4000","24.5000","68.0000","0.0000","94.13"
"B","1","0","2016-10-24 08:20:00,2016-10-24 08:40:00","1007.7000","1012.7000","175.0000","1.4000","24.5000","68.0000","0.0000","682.39"
"B","1","0","2016-10-24 08:40:00,2016-10-24 09:00:00","1007.7000","1012.7000","175.0000","1.4000","24.5000","68.0000","0.0000","535.87"
"B","1","0","2016-10-24 09:00:00,2016-10-24 09:20:00","1007.3000","1012.3000","133.0000","0.9000","23.5000","79.0000","0.0000","530.35"
"B","1","0","2016-10-24 09:20:00,2016-10-24 09:40:00","1007.3000","1012.3000","133.0000","0.9000","23.5000","79.0000","0.0000","680.03"
"B","1","0","2016-10-24 09:40:00,2016-10-24 10:00:00","1007.3000","1012.3000","133.0000","0.9000","23.5000","79.0000","0.0000","647.68"
"B","3","1","2016-10-18 08:00:00,2016-10-18 08:20:00","1012.5000","1017.5000","128.0000","1.6000","23.4000","73.0000","0.0000","134.38"
"B","3","1","2016-10-18 08:20:00,2016-10-18 08:40:00","1012.5000","1017.5000","128.0000","1.6000","23.4000","73.0000","0.0000","797.27"
"B","3","1","2016-10-18 08:40:00,2016-10-18 09:00:00","1012.5000","1017.5000","128.0000","1.6000","23.4000","73.0000","0.0000","518.69"
"B","3","1","2016-10-18 09:00:00,2016-10-18 09:20:00","1013.0000","1018.0000","205.0000","0.6000","20.9000","94.0000","1.8000","194.33"
"B","3","1","2016-10-18 09:20:00,2016-10-18 09:40:00","1013.0000","1018.0000","205.0000","0.6000","20.9000","94.0000","1.8000","551.26"
"B","3","1","2016-10-18 09:40:00,2016-10-18 10:00:00","1013.0000","1018.0000","205.0000","0.6000","20.9000","94.0000","1.8000","369.11"
"B","3","2","2016-10-19 08:00:00,2016-10-19 08:20:00","1010.8000","1015.8000","89.0000","2.1000","20.7000","94.0000","1.0000","784.17"
"B","3","2","2016-10-19 08:20:00,2016-10-19 08:40:00","1010.8000","1015.8000","89.0000","2.1000","20.7000","94.0000","1.0000","268.12"
"B","3","2","2016-10-19 08:40:00,2016-10-19 09:00:00","1010.8000","1015.8000","89.0000","2.1000","20.7000","94.0000","1.0000","45.38"
"B","3","2","2016-10-19 09:00:00,2016-10-19 09:20:00","1010.9000","1015.9000","96.0000","1.8000","20.5000","95.0000","0.2000","326.4"
"B","3","2","2016-10-19 09:20:00,2016-10-19 09:40:00","1010.9000","1015.9000","96.0000","1.8000","20.5000","95.0000","0.2000","719.5"
"B","3","2","2016-10-19 09:40:00,2016-10-19 10:00:00","1010.9000","1015.9000","96.0000","1.8000","20.5000","95.0000","0.2000","34.22"
"B","3","3","2016-10-20 08:00:00,2016-10-20 08:20:00","1007.8000","1012.8000","94.0000","2.7000","22.3000","91.0000","0.0000","496.7"
"B","3","3","2016-10-20 08:20:00,2016-10-20 08:40:00","1007.8000","1012.8000","94.0000","2.7000","22.3000","91.0000","0.0000","500.99"
"B","3","3","2016-10-20 08:40:00,2016-10-20 09:00:00","1007.8000","1012.8000","94.0000","2.7000","22.3000","91.0000","0.0000","735.57"
"B","3","3","2016-10-20 09:00:00,2016-10-20 09:20:00","1008.1000","1013.1000","96.0000","2.0000","22.4000","91.0000","0.0000","609.52"
"B","3","3","2016-10-20 09:20:00,2016-10-20 09:40:00","1008.1000","1013.1000","96.0000","2.0000","22.4000","91.0000","0.0000","109.12"
"B","3","3","2016-10-20 09:40:00,2016-10-20 10:00:00","1008.1000","1013.1000","96.0000","2.0000","22.4000","91.0000","0.0000","307.67"
"B","3","4","2016-10-21 08:00:00,2016-10-21 08:20:00","1004.1000","1009.1000","335.0000","3.1000","21.4000","98.0000","0.5000","198.67"
"B","3","4","2016-10-21 08:20:00,2016-10-21 08:40:00","1004.1000","1009.1000","335.0000","3.1000","21.4000","98.0000","0.5000","388.3"
"B","3","4","2016-10-21 08:40:00,2016-10-21 09:00:00","1004.1000","1009.1000","335.0000","3.1000","21.4000","98.0000","0.5000","56.87"
"B","3","4","2016-10-21 09:00:00,2016-10-21 09:20:00","1004.3000","1009.3000","340.0000","2.8000","21.2000","98.0000","0.0000","558.48"
"B","3","4","2016-10-21 09:20:00,2016-10-21 09:40:00","1004.3000","1009.3000","340.0000","2.8000","21.2000","98.0000","0.0000","767.7"
"B","3","4","2016-10-21 09:40:00,2016-10-21 10:00:00","1004.3000","1009.3000","340.0000","2.8000","21.2000","98.0000","0.0000","95.07"
"B","3","5","2016-10-22 08:00:00,2016-10-22 08:20:00","1000.2000","1005.1000","86.0000","2.9000","22.6000","96.0000","0.1000","265.24"
"B","3","5","2016-10-22 08:20:00,2016-10-22 08:40:00","1000.2000","1005.1000","86.0000","2.9000","22.6000","96.0000","0.1000","540.53"
"B","3","5","2016-10-22 08:40:00,2016-10-22 09:00:00","1000.2000","1005.1000","86.0000","2.9000","22.6000","96.0000","0.1000","236.79"
"B","3","5","2016-10-22 09:00:00,2016-10-22 09:20:00","999.4000","1004.3000","117.0000","2.0000","22.8000","97.0000","3.1000","359.14"
"B","3","5","2016-10-22 09:20:00,2016-10-22 09:40:00","999.4000","1004.3000","117.0000","2.0000","22.8000","97.0000","3.1000","431.05"
"B","3","5","2016-10-22 09:40:00,2016-10-22 10:00:00","999.4000","1004.3000","117.0000","2.0000","22.8000","97.0000","3.1000","701.9"
"B","3","6","2016-10-23 08:00:00,2016-10-23 08:20:00","1009.1000","1014.1000","13.0000","3.2000","20.6000","84.0000","0.0000","417.96"
"B","3","6","2016-10-23 08:20:00,2016-10-23 08:40:00","1009.1000","1014.1000","13.0000","3.2000","20.6000","84.0000","0.0000","508.88"
"B","3","6","2016-10-23 08:40:00,2016-10-23 09:00:00","1009.1000","1014.1000","13.0000","3.2000","20.6000","84.0000","0.0000","382.88"
"B","3","6","2016-10-23 09:00:00,2016-10-23 09:20:00","1009.9000","1014.9000","344.0000","1.9000","20.4000","87.0000","0.0000","496.56"
"B","3","6","2016-10-23 09:20:00,2016-10-23 09:40:00","1009.9000","1014.9000","344.0000","1.9000","20.4000","87.0000","0.0000","193.15"
"B","3","6","2016-10-23 09:40:00,2016-10-23 10:00:00","1009.9000","1014.9000","344.0000","1.9000","20.4000","87.0000","0.0000","254.65"
"B","3","0","2016-10-24 08:00:00,2016-10-24 08:20:00","1007.7000","1012.7000","175.0000","1.4000","24.5000","68.0000","0.0000","475.94"
"B","3","0","2016-10-24 08:20:00,2016-10-24 08:40:00","1007.7000","1012.7000","175.0000","1.4000","24.5000","68.0000","0.0000","473.15"
"B","3","0","2016-10-24 08:40:00,2016-10-24 09:00:00","1007.7000","1012.7000","175.0000","1.4000","24.5000","68.0000","0.0000","681.65"
"B","3","0","2016-10-24 09:00:00,2016-10-24 09:20:00","1007.3000","1012.3000","133.0000","0.9000","23.5000","79.0000","0.0000","707.82"
"B","3","0","2016-10-24 09:20:00,2016-10-24 09:40:00","1007.3000","1012.3000","133.0000","0.9000","23.5000","79.0000","0.0000","705.68"
"B","3","0","2016-10-24 09:40:00,2016-10-24 10:00:00","1007.3000","1012.3000","133.0000","0.9000","23.5000","79.0000","0.0000","104.19"
"C","1","1","2016-10-18 08:00:00,2016-10-18 08:20:00","1012.5000","1017.5000","128.0000","1.6000","23.4000","73.0000","0.0000","755.51"
"C","1","1","2016-10-18 08:20:00,2016-10-18 08:40:00","1012.5000","1017.5000","128.0000","1.6000","23.4000","73.0000","0.0000","511.98"
"C","1","1","2016-10-18 08:40:00,2016-10-18 09:00:00","1012.5000","1017.5000","128.0000","1.6000","23.4000","73.0000","0.0000","443.83"
"C","1","1","2016-10-18 09:00:00,2016-10-18 09:20:00","1013.0000","1018.0000","205.0000","0.6000","20.9000","94.0000","1.8000","711.83"
"C","1","1","2016-10-18 09:20:00,2016-10-18 09:40:00","1013.0000","1018.0000","205.0000","0.6000","20.9000","94.0000","1.8000","112.73"
"C","1","1","2016-10-18 09:40:00,2016-10-18 10:00:00","1013.0000","1018.0000","205.0000","0.6000","20.9000","94.0000","1.8000","779.28"
"C","1","2","2016-10-19 08:00:00,2016-10-19 08:20:00","1010.8000","1015.8000","89.0000","2.1000","20.7000","94.0000","1.0000","129.77"
"C","1","2","2016-10-19 08:20:00,2016-10-19 08:40:00","1010.8000","1015.8000","89.0000","2.1000","20.7000","94.0000","1.0000","444.61"
"C","1","2","2016-10-19 08:40:00,2016-10-19 09:00:00","1010.8000","1015.8000","89.0000","2.1000","20.7000","94.0000","1.0000","556.24"
"C","1","2","2016-10-19 09:00:00,2016-10-19 09:20:00","1010.9000","1015.9000","96.0000","1.8000","20.5000","95.0000","0.2000","401.62"
"C","1","2","2016-10-19 09:20:00,2016-10-19 09:40:00","1010.9000","1015.9000","96.0000","1.8000","20.5000","95.0000","0.2000","209.48"
"C","1","2","2016-10-19 09:40:00,2016-10-19 10:00:00","1010.9000","1015.9000","96.0000","1.8000","20.5000","95.0000","0.2000","711.04"
"C","1","3","2016-10-20 08:00:00,2016-10-20 08:20:00","1007.8000","1012.8000","94.0000","2.7000","22.3000","91.0000","0.0000","312.65"
"C","1","3","2016-10-20 08:20:00,2016-10-20 08:40:00","1007.8000","1012.8000","94.0000","2.7000","22.3000","91.0000","0.0000","93"
"C","1","3","2016-10-20 08:40:00,2016-10-20 09:00:00","1007.8000","1012.8000","94.0000","2.7000","22.3000","91.0000","0.0000","378.45"
"C","1","3","2016-10-20 09:00:00,2016-10-20 09:20:00","1008.1000","1013.1000","96.0000","2.0000","22.4000","91.0000","0.0000","792.19"
"C","1","3","2016-10-20 09:20:00,2016-10-20 09:40:00","1008.1000","1013.1000","96.0000","2.0000","22.4000","91.0000","0.0000","41.35"
"C","1","3","2016-10-20 09:40:00,2016-10-20 10:00:00","1008.1000","1013.1000","96.0000","2.0000","22.4000","91.0000","0.0000","744.79"
"C","1","4","2016-10-21 08:00:00,2016-10-21 08:20:00","1004.1000","1009.1000","335.0000","3.1000","21.4000","98.0000","0.5000","587.35"
"C","1","4","2016-10-21 08:20:00,2016-10-21 08:40:00","1004.1000","1009.1000","335.0000","3.1000","21.4000","98.0000","0.5000","486.68"
"C","1","4","2016-10-21 08:40:00,2016-10-21 09:00:00","1004.1000","1009.1000","335.0000","3.1000","21.4000","98.0000","0.5000","456.76"
"C","1","4","2016-10-21 09:00:00,2016-10-21 09:20:00","1004.3000","1009.3000","340.0000","2.8000","21.2000","98.0000","0.0000","782.89"
"C","1","4","2016-10-21 09:20:00,2016-10-21 09:40:00","1004.3000","1009.3000","340.0000","2.8000","21.2000","98.0000","0.0000","25.88"
"C","1","4","2016-10-21 09:40:00,2016-10-21 10:00:00","1004.3000","1009.3000","340.0000","2.8000","21.2000","98.0000","0.0000","141.48"
"C","1","5","2016-10-22 08:00:00,2016-10-22 08:20:00","1000.2000","1005.1000","86.0000","2.9000","22.6000","96.0000","0.1000","193.04"
"C","1","5","2016-10-22 08:20:00,2016-10-22 08:40:00","1000.2000","1005.1000","86.0000","2.9000","22.6000","96.0000","0.1000","645.46"
"C","1","5","2016-10-22 08:40:00,2016-10-22 09:00:00","1000.2000","1005.1000","86.0000","2.9000","22.6000","96.0000","0.1000","287.92"
"C","1","5","2016-10-22 09:00:00,2016-10-22 09:20:00","999.4000","1004.3000","117.0000","2.0000","22.8000","97.0000","3.1000","277.03"
"C","1","5","2016-10-22 09:20:00,2016-10-22 09:40:00","999.4000","1004.3000","117.0000","2.0000","22.8000","97.0000","3.1000","304.77"
"C","1","5","2016-10-22 09:40:00,2016-10-22 10:00:00","999.4000","1004.3000","117.0000","2.0000","22.8000","97.0000","3.1000","716.04"
"C","1","6","2016-10-23 08:00:00,2016-10-23 08:20:00","1009.1000","1014.1000","13.0000","3.2000","20.6000","84.0000","0.0000","582.7"
"C","1","6","2016-10-23 08:20:00,2016-10-23 08:40:00","1009.1000","1014.1000","13.0000","3.2000","20.6000","84.0000","0.0000","42.56"
"C","1","6","2016-10-23 08:40:00,2016-10-23 09:00:00","1009.1000","1014.1000","13.0000","3.2000","20.6000","84.0000","0.0000","84.35"
"C","1","6","2016-10-23 09:00:00,2016-10-23 09:20:00","1009.9000","1014.9000","344.0000","1.9000","20.4000","87.0000","0.0000","551.28"
"C","1","6","2016-10-23 09:20:00,2016-10-23 09:40:00","1009.9000","1014.9000","344.0000","1.9000","20.4000","87.0000","0.0000","799.81"
"C","1","6","2016-10-23 09:40:00,2016-10-23 10:00:00","1009.9000","1014.9000","344.0000","1.9000","20.4000","87.0000","0.0000","707.39"
"C","1","0","2016-10-24 08:00:00,2016-10-24 08:20:00","1007.7000","1012.7000","175.0000","1.4000","24.5000","68.0000","0.0000","756.98"
"C","1","0","2016-10-24 08:20:00,2016-10-24 08:40:00","1007.7000","1012.7000","175.0000","1.4000","24.5000","68.0000","0.0000","432.67"
"C","1","0","2016-10-24 08:40:00,2016-10-24 09:00:00","1007.7000","1012.7000","175.0000","1.4000","24.5000","68.0000","0.0000","191.97"
"C","1","0","2016-10-24 09:00:00,2016-10-24 09:20:00","1007.3000","1012.3000","133.0000","0.9000","23.5000","79.0000","0.0000","390.39"
"C","1","0","2016-10-24 09:20:00,2016-10-24 09:40:00","1007.3000","1012.3000","133.0000","0.9000","23.5000","79.0000","0.0000","436.55"
"C","1","0","2016-10-24 09:40:00,2016-10-24 10:00:00","1007.3000","1012.3000","133.0000","0.9000","23.5000","79.0000","0.0000","366.95"
"C","3","1","2016-10-18 08:00:00,2016-10-18 08:20:00","1012.5000","1017.5000","128.0000","1.6000","23.4000","73.0000","0.0000","200.24"
"C","3","1","2016-10-18 08:20:00,2016-10-18 08:40:00","1012.5000","1017.5000","128.0000","1.6000","23.4000","73.0000","0.0000","28.37"
"C","3","1","2016-10-18 08:40:00,2016-10-18 09:00:00","1012.5000","1017.5000","128.0000","1.6000","23.4000","73.0000","0.0000","225.34"
"C","3","1","2016-10-18 09:00:00,2016-10-18 09:20:00","1013.0000","1018.0000","205.0000","0.6000","20.9000","94.0000","1.8000","721.66"
"C","3","1","2016-10-18 09:20:00,2016-10-18 09:40:00","1013.0000","1018.0000","205.0000","0.6000","20.9000","94.0000","1.8000","289"
"C","3","1","2016-10-18 09:40:00,2016-10-18 10:00:00","1013.0000","1018.0000","205.0000","0.6000","20.9000","94.0000","1.8000","409.04"
"C","3","2","2016-10-19 08:00:00,2016-10-19 08:20:00","1010.8000","1015.8000","89.0000","2.1000","20.7000","94.0000","1.0000","514.72"
"C","3","2","2016-10-19 08:20:00,2016-10-19 08:40:00","1010.8000","1015.8000","89.0000","2.1000","20.7000","94.0000","1.0000","533.54"
"C","3","2","2016-10-19 08:40:00,2016-10-19 09:00:00","1010.8000","1015.8000","89.0000","2.1000","20.7000","94.0000","1.0000","468.9"
"C","3","2","2016-10-19 09:00:00,2016-10-19 09:20:00","1010.9000","1015.9000","96.0000","1.8000","20.5000","95.0000","0.2000","392.41"
"C","3","2","2016-10-19 09:20:00,2016-10-19 09:40:00","1010.9000","1015.9000","96.0000","1.8000","20.5000","95.0000","0.2000","255.91"
"C","3","2","2016-10-19 09:40:00,2016-10-19 10:00:00","1010.9000","1015.9000","96.0000","1.8000","20.5000","95.0000","0.2000","231.76"
"C","3","3","2016-10-20 08:00:00,2016-10-20 08:20:00","1007.8000","1012.8000","94.0000","2.7000","22.3000","91.0000","0.0000","61.01"
"C","3","3","2016-10-20 08:20:00,2016-10-20 08:40:00","1007.8000","1012.8000","94.0000","2.7000","22.3000","91.0000","0.0000","344.61"
"C","3","3","2016-10-20 08:40:00,2016-10-20 09:00:00","1007.8000","1012.8000","94.0000","2.7000","22.3000","91.0000","0.0000","331.13"
"C","3","3","2016-10-20 09:00:00,2016-10-20 09:20:00","1008.1000","1013.1000","96.0000","2.0000","22.4000","91.0000","0.0000","328.36"
"C","3","3","2016-10-20 09:20:00,2016-10-20 09:40:00","1008.1000","1013.1000","96.0000","2.0000","22.4000","91.0000","0.0000","696.52"
"C","3","3","2016-10-20 09:40:00,2016-10-20 10:00:00","1008.1000","1013.1000","96.0000","2.0000","22.4000","91.0000","0.0000","25.87"
"C","3","4","2016-10-21 08:00:00,2016-10-21 08:20:00","1004.1000","1009.1000","335.0000","3.1000","21.4000","98.0000","0.5000","280.07"
"C","3","4","2016-10-21 08:20:00,2016-10-21 08:40:00","1004.1000","1009.1000","335.0000","3.1000","21.4000","98.0000","0.5000","85.43"
"C","3","4","2016-10-21 08:40:00,2016-10-21 09:00:00","1004.1000","1009.1000","335.0000","3.1000","21.4000","98.0000","0.5000","400.74"
"C","3","4","2016-10-21 09:00:00,2016-10-21 09:20:00","1004.3000","1009.3000","340.0000","2.8000","21.2000","98.0000","0.0000","265.36"
"C","3","4","2016-10-21 09:20:00,2016-10-21 09:40:00","1004.3000","1009.3000","340.0000","2.8000","21.2000","98.0000","0.0000","270.83"
"C","3","4","2016-10-21 09:40:00,2016-10-21 10:00:00","1004.3000","1009.3000","340.0000","2.8000","21.2000","98.0000","0.0000","413.07"
"C","3","5","2016-10-22 08:00:00,2016-10-22 08:20:00","1000.2000","1005.1000","86.0000","2.9000","22.6000","96.0000","0.1000","475.47"
"C","3","5","2016-10-22 08:20:00,2016-10-22 08:40:00","1000.2000","1005.1000","86.0000","2.9000","22.6000","96.0000","0.1000","238.54"
"C","3","5","2016-10-22 08:40:00,2016-10-22 09:00:00","1000.2000","1005.1000","86.0000","2.9000","22.6000","96.0000","0.1000","224.05"
"C","3","5","2016-10-22 09:00:00,2016-10-22 09:20:00","999.4000","1004.3000","117.0000","2.0000","22.8000","97.0000","3.1000","163.16"
"C","3","5","2016-10-22 09:20:00,2016-10-22 09:40:00","999.4000","1004.3000","117.0000","2.0000","22.8000","97.0000","3.1000","178.43"
"C","3","5","2016-10-22 09:40:00,2016-10-22 10:00:00","999.4000","1004.3000","117.0000","2.0000","22.8000","97.0000","3.1000","433.88"
"C","3","6","2016-10-23 08:00:00,2016-10-23 08:20:00","1009.1000","1014.1000","13.0000","3.2000","20.6000","84.0000","0.0000","738.15"
"C","3","6","2016-10-23 08:20:00,2016-10-23 08:40:00","1009.1000","1014.1000","13.0000","3.2000","20.6000","84.0000","0.0000","422.04"
"C","3","6","2016-10-23 08:40:00,2016-10-23 09:00:00","1009.1000","1014.1000","13.0000","3.2000","20.6000","84.0000","0.0000","746.61"
"C","3","6","2016-10-23 09:00:00,2016-10-23 09:20:00","1009.9000","1014.9000","344.0000","1.9000","20.4000","87.0000","0.0000","218.58"
"C","3","6","2016-10-23 09:20:00,2016-10-23 09:40:00","1009.9000","1014.9000","344.0000","1.9000","20.4000","87.0000","0.0000","351.59"
"C","3","6","2016-10-23 09:40:00,2016-10-23 10:00:00","1009.9000","1014.9000","344.0000","1.9000","20.4000","87.0000","0.0000","208.77"
"C","3","0","2016-10-24 08:00:00,2016-10-24 08:20:00","1007.7000","1012.7000","175.0000","1.4000","24.5000","68.0000","0.0000","133.1"
"C","3","0","2016-10-24 08:20:00,2016-10-24 08:40:00","1007.7000","1012.7000","175.0000","1.4000","24.5000","68.0000","0.0000","510.39"
"C","3","0","2016-10-24 08:40:00,2016-10-24 09:00:00","1007.7000","1012.7000","175.0000","1.4000","24.5000","68.0000","0.0000","514.81"
"C","3","0","2016-10-24 09:00:00,2016-10-24 09:20:00","1007.3000","1012.3000","133.0000","0.9000","23.5000","79.0000","0.0000","456.04"
"C","3","0","2016-10-24 09:20:00,2016-10-24 09:40:00","1007.3000","1012.3000","133.0000","0.9000","23.5000","79.0000","0.0000","748.23"
"C","3","0","2016-10-24 09:40:00,2016-10-24 10:00:00","1007.3000","1012.3000","133.0000","0.9000","23.5000","79.0000","0.0000","351.58"
"A","2","1","2016-10-18 17:00:00,2016-10-18 17:20:00","1013.7000","1018.7000","90.0000","1.9000","20.1000","95.0000","0.1000","20.49"
"A","2","1","2016-10-18 17:20:00,2016-10-18 17:40:00","1013.7000","1018.7000","90.0000","1.9000","20.1000","95.0000","0.1000","156.09"
"A","2","1","2016-10-18 17:40:00,2016-10-18 18:00:00","1013.7000","1018.7000","90.0000","1.9000","20.1000","95.0000","0.1000","761.02"
"A","2","1","2016-10-18 18:00:00,2016-10-18 18:20:00","1012.1000","1017.1000","125.0000","2.3000","20.0000","96.0000","1.3000","142.47"
"A","2","1","2016-10-18 18:20:00,2016-10-18 18:40:00","1012.1000","1017.1000","125.0000","2.3000","20.0000","96.0000","1.3000","325.15"
"A","2","1","2016-10-18 18:40:00,2016-10-18 19:00:00","1012.1000","1017.1000","125.0000","2.3000","20.0000","96.0000","1.3000","530.13"
"A","2","2","2016-10-19 17:00:00,2016-10-19 17:20:00","1011.6000","1016.6000","61.0000","1.2000","20.6000","96.0000","1.5000","332.83"
"A","2","2","2016-10-19 17:20:00,2016-10-19 17:40:00","1011.6000","1016.6000","61.0000","1.2000","20.6000","96.0000","1.5000","379.1"
"A","2","2","2016-10-19 17:40:00,2016-10-19 18:00:00","1011.6000","1016.6000","61.0000","1.2000","20.6000","96.0000","1.5000","116.41"
"A","2","2","2016-10-19 18:00:00,2016-10-19 18:20:00","1010.1000","1015.1000","325.0000","0.5000","20.7000","97.0000","0.1000","641.31"
"A","2","2","2016-10-19 18:20:00,2016-10-19 18:40:00","1010.1000","1015.1000","325.0000","0.5000","20.7000","97.0000","0.1000","186.91"
"A","2","2","2016-10-19 18:40:00,2016-10-19 19:00:00","1010.1000","1015.1000","325.0000","0.5000","20.7000","97.0000","0.1000","349.78"
"A","2","3","2016-10-20 17:00:00,2016-10-20 17:20:00","1008.5000","1013.5000","67.0000","1.6000","21.5000","96.0000","1.0000","516.04"
"A","2","3","2016-10-20 17:20:00,2016-10-20 17:40:00","1008.5000","1013.5000","67.0000","1.6000","21.5000","96.0000","1.0000","496.51"
"A","2","3","2016-10-20 17:40:00,2016-10-20 18:00:00","1008.5000","1013.5000","67.0000","1.6000","21.5000","96.0000","1.0000","46.76"
"A","2","3","2016-10-20 18:00:00,2016-10-20 18:20:00","1007.3000","1012.3000","94.0000","1.6000","21.7000","93.0000","0.0000","550.79"
"A","2","3","2016-10-20 18:20:00,2016-10-20 18:40:00","1007.3000","1012.3000","94.0000","1.6000","21.7000","93.0000","0.0000","676.84"
"A","2","3","2016-10-20 18:40:00,2016-10-20 19:00:00","1007.3000","1012.3000","94.0000","1.6000","21.7000","93.0000","0.0000","617.07"
"A","2","4","2016-10-21 17:00:00,2016-10-21 17:20:00","1005.8000","1010.8000","357.0000","2.1000","21.1000","98.0000","0.0000","774.31"
"A","2","4","2016-10-21 17:20:00,2016-10-21 17:40:00","1005.8000","1010.8000","357.0000","2.1000","21.1000","98.0000","0.0000","693.38"
"A","2","4","2016-10-21 17:40:00,2016-10-21 18:00:00","1005.8000","1010.8000","357.0000","2.1000","21.1000","98.0000","0.0000","220.94"
"A","2","4","2016-10-21 18:00:00,2016-10-21 18:20:00","1005.3000","1010.3000","342.0000","2.5000","21.0000","98.0000","1.3000","554.84"
"A","2","4","2016-10-21 18:20:00,2016-10-21 18:40:00","1005.3000","1010.3000","342.0000","2.5000","21.0000","98.0000","1.3000","174.14"
"A","2","4","2016-10-21 18:40:00,2016-10-21 19:00:00","1005.3000","1010.3000","342.0000","2.5000","21.0000","98.0000","1.3000","90.09"
"A","2","5","2016-10-22 17:00:00,2016-10-22 17:20:00","1004.0000","1009.0000","352.0000","4.8000","20.7000","96.0000","1.6000","224.82"
"A","2","5","2016-10-22 17:20:00,2016-10-22 17:40:00","1004.0000","1009.0000","352.0000","4.8000","20.7000","96.0000","1.6000","218.01"
"A","2","5","2016-10-22 17:40:00,2016-10-22 18:00:00","1004.0000","1009.0000","352.0000","4.8000","20.7000","96.0000","1.6000","512.16"
"A","2","5","2016-10-22 18:00:00,2016-10-22 18:20:00","1005.3000","1010.3000","0.0000","6.0000","20.8000","95.0000","0.0000","456.27"
"A","2","5","2016-10-22 18:20:00,2016-10-22 18:40:00","1005.3000","1010.3000","0.0000","6.0000","20.8000","95.0000","0.0000","436.85"
"A","2","5","2016-10-22 18:40:00,2016-10-22 19:00:00","1005.3000","1010.3000","0.0000","6.0000","20.8000","95.0000","0.0000","123.11"
"A","2","6","2016-10-23 17:00:00,2016-10-23 17:20:00","1011.4000","1016.4000","326.0000","1.1000","19.7000","92.0000","0.0000","448.54"
"A","2","6","2016-10-23 17:20:00,2016-10-23 17:40:00","1011.4000","1016.4000","326.0000","1.1000","19.7000","92.0000","0.0000","349.11"
"A","2","6","2016-10-23 17:40:00,2016-10-23 18:00:00","1011.4000","1016.4000","326.0000","1.1000","19.7000","92.0000","0.0000","430.09"
"A","2","6","2016-10-23 18:00:00,2016-10-23 18:20:00","1011.0000","1016.0000","43.0000","0.8000","19.3000","92.0000","0.0000","184.86"
"A","2","6","2016-10-23 18:20:00,2016-10-23 18:40:00","1011.0000","1016.0000","43.0000","0.8000","19.3000","92.0000","0.0000","99.69"
"A","2","6","2016-10-23 18:40:00,2016-10-23 19:00:00","1011.0000","1016.0000","43.0000","0.8000","19.3000","92.0000","0.0000","230.8"
"A","2","0","2016-10-24 17:00:00,2016-10-24 17:20:00","1008.0000","1013.0000","210.0000","1.4000","21.0000","91.0000","0.0000","220.4"
"A","2","0","2016-10-24 17:20:00,2016-10-24 17:40:00","1008.0000","1013.0000","210.0000","1.4000","21.0000","91.0000","0.0000","60.17"
"A","2","0","2016-10-24 17:40:00,2016-10-24 18:00:00","1008.0000","1013.0000","210.0000","1.4000","21.0000","91.0000","0.0000","208.76"
"A","2","0","2016-10-24 18:00:00,2016-10-24 18:20:00","1007.3000","1012.3000","226.0000","3.0000","20.7000","94.0000","0.0000","227.31"
"A","2","0","2016-10-24 18:20:00,2016-10-24 18:40:00","1007.3000","1012.3000","226.0000","3.0000","20.7000","94.0000","0.0000","277.06"
"A","2","0","2016-10-24 18:40:00,2016-10-24 19:00:00","1007.3000","1012.3000","226.0000","3.0000","20.7000","94.0000","0.0000","517.01"
"A","3","1","2016-10-18 17:00:00,2016-10-18 17:20:00","1013.7000","1018.7000","90.0000","1.9000","20.1000","95.0000","0.1000","56.41"
"A","3","1","2016-10-18 17:20:00,2016-10-18 17:40:00","1013.7000","1018.7000","90.0000","1.9000","20.1000","95.0000","0.1000","178.66"
"A","3","1","2016-10-18 17:40:00,2016-10-18 18:00:00","1013.7000","1018.7000","90.0000","1.9000","20.1000","95.0000","0.1000","166.32"
"A","3","1","2016-10-18 18:00:00,2016-10-18 18:20:00","1012.1000","1017.1000","125.0000","2.3000","20.0000","96.0000","1.3000","346.05"
"A","3","1","2016-10-18 18:20:00,2016-10-18 18:40:00","1012.1000","1017.1000","125.0000","2.3000","20.0000","96.0000","1.3000","702.28"
"A","3","1","2016-10-18 18:40:00,2016-10-18 19:00:00","1012.1000","1017.1000","125.0000","2.3000","20.0000","96.0000","1.3000","706.15"
"A","3","2","2016-10-19 17:00:00,2016-10-19 17:20:00","1011.6000","1016.6000","61.0000","1.2000","20.6000","96.0000","1.5000","505.03"
"A","3","2","2016-10-19 17:20:00,2016-10-19 17:40:00","1011.6000","1016.6000","61.0000","1.2000","20.6000","96.0000","1.5000","309.08"
"A","3","2","2016-10-19 17:40:00,2016-10-19 18:00:00","1011.6000","1016.6000","61.0000","1.2000","20.6000","96.0000","1.5000","567.6"
"A","3","2","2016-10-19 18:00:00,2016-10-19 18:20:00","1010.1000","1015.1000","325.0000","0.5000","20.7000","97.0000","0.1000","386.02"
"A","3","2","2016-10-19 18:20:00,2016-10-19 18:40:00","1010.1000","1015.1000","325.0000","0.5000","20.7000","97.0000","0.1000","236.77"
"A","3","2","2016-10-19 18:40:00,2016-10-19 19:00:00","1010.1000","1015.1000","325.0000","0.5000","20.7000","97.0000","0.1000","687.08"
"A","3","3","2016-10-20 17:00:00,2016-10-20 17:20:00","1008.5000","1013.5000","67.0000","1.6000","21.5000","96.0000","1.0000","461.53"
"A","3","3","2016-10-20 17:20:00,2016-10-20 17:40:00","1008.5000","1013.5000","67.0000","1.6000","21.5000","96.0000","1.0000","478.04"
"A","3","3","2016-10-20 17:40:00,2016-10-20 18:00:00","1008.5000","1013.5000","67.0000","1.6000","21.5000","96.0000","1.0000","767.95"
"A","3","3","2016-10-20 18:00:00,2016-10-20 18:20:00","1007.3000","1012.3000","94.0000","1.6000","21.7000","93.0000","0.0000","336.16"
"A","3","3","2016-10-20 18:20:00,2016-10-20 18:40:00","1007.3000","1012.3000","94.0000","1.6000","21.7000","93.0000","0.0000","658.98"
"A","3","3","2016-10-20 18:40:00,2016-10-20 19:00:00","1007.3000","1012.3000","94.0000","1.6000","21.7000","93.0000","0.0000","510.57"
"A","3","4","2016-10-21 17:00:00,2016-10-21 17:20:00","1005.8000","1010.8000","357.0000","2.1000","21.1000","98.0000","0.0000","681.26"
"A","3","4","2016-10-21 17:20:00,2016-10-21 17:40:00","1005.8000","1010.8000","357.0000","2.1000","21.1000","98.0000","0.0000","513.32"
"A","3","4","2016-10-21 17:40:00,2016-10-21 18:00:00","1005.8000","1010.8000","357.0000","2.1000","21.1000","98.0000","0.0000","488.85"
"A","3","4","2016-10-21 18:00:00,2016-10-21 18:20:00","1005.3000","1010.3000","342.0000","2.5000","21.0000","98.0000","1.3000","576.34"
"A","3","4","2016-10-21 18:20:00,2016-10-21 18:40:00","1005.3000","1010.3000","342.0000","2.5000","21.0000","98.0000","1.3000","621.4"
"A","3","4","2016-10-21 18:40:00,2016-10-21 19:00:00","1005.3000","1010.3000","342.0000","2.5000","21.0000","98.0000","1.3000","162.99"
"A","3","5","2016-10-22 17:00:00,2016-10-22 17:20:00","1004.0000","1009.0000","352.0000","4.8000","20.7000","96.0000","1.6000","773.08"
"A","3","5","2016-10-22 17:20:00,2016-10-22 17:40:00","1004.0000","1009.0000","352.0000","4.8000","20.7000","96.0000","1.6000","138.23"
"A","3","5","2016-10-22 17:40:00,2016-10-22 18:00:00","1004.0000","1009.0000","352.0000","4.8000","20.7000","96.0000","1.6000","259.03"
"A","3","5","2016-10-22 18:00:00,2016-10-22 18:20:00","1005.3000","1010.3000","0.0000","6.0000","20.8000","95.0000","0.0000","272.13"
"A","3","5","2016-10-22 18:20:00,2016-10-22 18:40:00","1005.3000","1010.3000","0.0000","6.0000","20.8000","95.0000","0.0000","555.05"
"A","3","5","2016-10-22 18:40:00,2016-10-22 19:00:00","1005.3000","1010.3000","0.0000","6.0000","20.8000","95.0000","0.0000","631.96"
"A","3","6","2016-10-23 17:00:00,2016-10-23 17:20:00","1011.4000","1016.4000","326.0000","1.1000","19.7000","92.0000","0.0000","604.9"
"A","3","6","2016-10-23 17:20:00,2016-10-23 17:40:00","1011.4000","1016.4000","326.0000","1.1000","19.7000","92.0000","0.0000","722.28"
"A","3","6","2016-10-23 17:40:00,2016-10-23 18:00:00","1011.4000","1016.4000","326.0000","1.1000","19.7000","92.0000","0.0000","267.91"
"A","3","6","2016-10-23 18:00:00,2016-10-23 18:20:00","1011.0000","1016.0000","43.0000","0.8000","19.3000","92.0000","0.0000","451.12"
"A","3","6","2016-10-23 18:20:00,2016-10-23 18:40:00","1011.0000","1016.0000","43.0000","0.8000","19.3000","92.0000","0.0000","390.61"
"A","3","6","2016-10-23 18:40:00,2016-10-23 19:00:00","1011.0000","1016.0000","43.0000","0.8000","19.3000","92.0000","0.0000","83.52"
"A","3","0","2016-10-24 17:00:00,2016-10-24 17:20:00","1008.0000","1013.0000","210.0000","1.4000","21.0000","91.0000","0.0000","538.44"
"A","3","0","2016-10-24 17:20:00,2016-10-24 17:40:00","1008.0000","1013.0000","210.0000","1.4000","21.0000","91.0000","0.0000","504.09"
"A","3","0","2016-10-24 17:40:00,2016-10-24 18:00:00","1008.0000","1013.0000","210.0000","1.4000","21.0000","91.0000","0.0000","501.68"
"A","3","0","2016-10-24 18:00:00,2016-10-24 18:20:00","1007.3000","1012.3000","226.0000","3.0000","20.7000","94.0000","0.0000","31.39"
"A","3","0","2016-10-24 18:20:00,2016-10-24 18:40:00","1007.3000","1012.3000","226.0000","3.0000","20.7000","94.0000","0.0000","126.24"
"A","3","0","2016-10-24 18:40:00,2016-10-24 19:00:00","1007.3000","1012.3000","226.0000","3.0000","20.7000","94.0000","0.0000","400.39"
"B","1","1","2016-10-18 17:00:00,2016-10-18 17:20:00","1013.7000","1018.7000","90.0000","1.9000","20.1000","95.0000","0.1000","714.16"
"B","1","1","2016-10-18 17:20:00,2016-10-18 17:40:00","1013.7000","1018.7000","90.0000","1.9000","20.1000","95.0000","0.1000","55.88"
"B","1","1","2016-10-18 17:40:00,2016-10-18 18:00:00","1013.7000","1018.7000","90.0000","1.9000","20.1000","95.0000","0.1000","362.13"
"B","1","1","2016-10-18 18:00:00,2016-10-18 18:20:00","1012.1000","1017.1000","125.0000","2.3000","20.0000","96.0000","1.3000","780.64"
"B","1","1","2016-10-18 18:20:00,2016-10-18 18:40:00","1012.1000","1017.1000","125.0000","2.3000","20.0000","96.0000","1.3000","471.46"
"B","1","1","2016-10-18 18:40:00,2016-10-18 19:00:00","1012.1000","1017.1000","125.0000","2.3000","20.0000","96.0000","1.3000","420.07"
"B","1","2","2016-10-19 17:00:00,2016-10-19 17:20:00","1011.6000","1016.6000","61.0000","1.2000","20.6000","96.0000","1.5000","656.27"
"B","1","2","2016-10-19 17:20:00,2016-10-19 17:40:00","1011.6000","1016.6000","61.0000","1.2000","20.6000","96.0000","1.5000","242.04"
"B","1","2","2016-10-19 17:40:00,2016-10-19 18:00:00","1011.6000","1016.6000","61.0000","1.2000","20.6000","96.0000","1.5000","41.13"
"B","1","2","2016-10-19 18:00:00,2016-10-19 18:20:00","1010.1000","1015.1000","325.0000","0.5000","20.7000","97.0000","0.1000","77.63"
"B","1","2","2016-10-19 18:20:00,2016-10-19 18:40:00","1010.1000","1015.1000","325.0000","0.5000","20.7000","97.0000","0.1000","168.56"
"B","1","2","2016-10-19 18:40:00,2016-10-19 19:00:00","1010.1000","1015.1000","325.0000","0.5000","20.7000","97.0000","0.1000","656.18"
"B","1","3","2016-10-20 17:00:00,2016-10-20 17:20:00","1008.5000","1013.5000","67.0000","1.6000","21.5000","96.0000","1.0000","175.34"
"B","1","3","2016-10-20 17:20:00,2016-10-20 17:40:00","1008.5000","1013.5000","67.0000","1.6000","21.5000","96.0000","1.0000","318.35"
"B","1","3","2016-10-20 17:40:00,2016-10-20 18:00:00","1008.5000","1013.5000","67.0000","1.6000","21.5000","96.0000","1.0000","301.3"
"B","1","3","2016-10-20 18:00:00,2016-10-20 18:20:00","1007.3000","1012.3000","94.0000","1.6000","21.7000","93.0000","0.0000","794.17"
"B","1","3","2016-10-20 18:20:00,2016-10-20 18:40:00","1007.3000","1012.3000","94.0000","1.6000","21.7000","93.0000","0.0000","479.45"
"B","1","3","2016-10-20 18:40:00,2016-10-20 19:00:00","1007.3000","1012.3000","94.0000","1.6000","21.7000","93.0000","0.0000","795.9"
"B","1","4","2016-10-21 17:00:00,2016-10-21 17:20:00","1005.8000","1010.8000","357.0000","2.1000","21.1000","98.0000","0.0000","492.23"
"B","1","4","2016-10-21 17:20:00,2016-10-21 17:40:00","1005.8000","1010.8000","357.0000","2.1000","21.1000","98.0000","0.0000","612.93"
"B","1","4","2016-10-21 17:40:00,2016-10-21 18:00:00","1005.8000","1010.8000","357.0000","2.1000","21.1000","98.0000","0.0000","172.9"
"B","1","4","2016-10-21 18:00:00,2016-10-21 18:20:00","1005.3000","1010.3000","342.0000","2.5000","21.0000","98.0000","1.3000","389.36"
"B","1","4","2016-10-21 18:20:00,2016-10-21 18:40:00","1005.3000","1010.3000","342.0000","2.5000","21.0000","98.0000","1.3000","463.61"
"B","1","4","2016-10-21 18:40:00,2016-10-21 19:00:00","1005.3000","1010.3000","342.0000","2.5000","21.0000","98.0000","1.3000","326.32"
"B","1","5","2016-10-22 17:00:00,2016-10-22 17:20:00","1004.0000","1009.0000","352.0000","4.8000","20.7000","96.0000","1.6000","436.16"
"B","1","5","2016-10-22 17:20:00,2016-10-22 17:40:00","1004.0000","1009.0000","352.0000","4.8000","20.7000","96.0000","1.6000","48.49"
"B","1","5","2016-10-22 17:40:00,2016-10-22 18:00:00","1004.0000","1009.0000","352.0000","4.8000","20.7000","96.0000","1.6000","22.91"
"B","1","5","2016-10-22 18:00:00,2016-10-22 18:20:00","1005.3000","1010.3000","0.0000","6.0000","20.8000","95.0000","0.0000","135.93"
"B","1","5","2016-10-22 18:20:00,2016-10-22 18:40:00","1005.3000","1010.3000","0.0000","6.0000","20.8000","95.0000","0.0000","21.35"
"B","1","5","2016-10-22 18:40:00,2016-10-22 19:00:00","1005.3000","1010.3000","0.0000","6.0000","20.8000","95.0000","0.0000","195.61"
"B","1","6","2016-10-23 17:00:00,2016-10-23 17:20:00","1011.4000","1016.4000","326.0000","1.1000","19.7000","92.0000","0.0000","328.74"
"B","1","6","2016-10-23 17:20:00,2016-10-23 17:40:00","1011.4000","1016.4000","326.0000","1.1000","19.7000","92.0000","0.0000","700.35"
"B","1","6","2016-10-23 17:40:00,2016-10-23 18:00:00","1011.4000","1016.4000","326.0000","1.1000","19.7000","92.0000","0.0000","168.58"
"B","1","6","2016-10-23 18:00:00,2016-10-23 18:20:00","1011.0000","1016.0000","43.0000","0.8000","19.3000","92.0000","0.0000","345.81"
"B","1","6","2016-10-23 18:20:00,2016-10-23 18:40:00","1011.0000","1016.0000","43.0000","0.8000","19.3000","92.0000","0.0000","161.84"
"B","1","6","2016-10-23 18:40:00,2016-10-23 19:00:00","1011.0000","1016.0000","43.0000","0.8000","19.3000","92.0000","0.0000","308.37"
"B","1","0","2016-10-24 17:00:00,2016-10-24 17:20:00","1008.0000","1013.0000","210.0000","1.4000","21.0000","91.0000","0.0000","477.07"
"B","1","0","2016-10-24 17:20:00,2016-10-24 17:40:00","1008.0000","1013.0000","210.0000","1.4000","21.0000","91.0000","0.0000","520.11"
"B","1","0","2016-10-24 17:40:00,2016-10-24 18:00:00","1008.0000","1013.0000","210.0000","1.4000","21.0000","91.0000","0.0000","705.6"
"B","1","0","2016-10-24 18:00:00,2016-10-24 18:20:00","1007.3000","1012.3000","226.0000","3.0000","20.7000","94.0000","0.0000","714.47"
"B","1","0","2016-10-24 18:20:00,2016-10-24 18:40:00","1007.3000","1012.3000","226.0000","3.0000","20.7000","94.0000","0.0000","572.81"
"B","1","0","2016-10-24 18:40:00,2016-10-24 19:00:00","1007.3000","1012.3000","226.0000","3.0000","20.7000","94.0000","0.0000","633.55"
"B","3","1","2016-10-18 17:00:00,2016-10-18 17:20:00","1013.7000","1018.7000","90.0000","1.9000","20.1000","95.0000","0.1000","451.15"
"B","3","1","2016-10-18 17:20:00,2016-10-18 17:40:00","1013.7000","1018.7000","90.0000","1.9000","20.1000","95.0000","0.1000","57.81"
"B","3","1","2016-10-18 17:40:00,2016-10-18 18:00:00","1013.7000","1018.7000","90.0000","1.9000","20.1000","95.0000","0.1000","718.31"
"B","3","1","2016-10-18 18:00:00,2016-10-18 18:20:00","1012.1000","1017.1000","125.0000","2.3000","20.0000","96.0000","1.3000","767.73"
"B","3","1","2016-10-18 18:20:00,2016-10-18 18:40:00","1012.1000","1017.1000","125.0000","2.3000","20.0000","96.0000","1.3000","782.26"
"B","3","1","2016-10-18 18:40:00,2016-10-18 19:00:00","1012.1000","1017.1000","125.0000","2.3000","20.0000","96.0000","1.3000","298.89"
"B","3","2","2016-10-19 17:00:00,2016-10-19 17:20:00","1011.6000","1016.6000","61.0000","1.2000","20.6000","96.0000","1.5000","385.67"
"B","3","2","2016-10-19 17:20:00,2016-10-19 17:40:00","1011.6000","1016.6000","61.0000","1.2000","20.6000","96.0000","1.5000","99.01"
"B","3","2","2016-10-19 17:40:00,2016-10-19 18:00:00","1011.6000","1016.6000","61.0000","1.2000","20.6000","96.0000","1.5000","680.96"
"B","3","2","2016-10-19 18:00:00,2016-10-19 18:20:00","1010.1000","1015.1000","325.0000","0.5000","20.7000","97.0000","0.1000","371.43"
"B","3","2","2016-10-19 18:20:00,2016-10-19 18:40:00","1010.1000","1015.1000","325.0000","0.5000","20.7000","97.0000","0.1000","198"
"B","3","2","2016-10-19 18:40:00,2016-10-19 19:00:00","1010.1000","1015.1000","325.0000","0.5000","20.7000","97.0000","0.1000","723.11"
"B","3","3","2016-10-20 17:00:00,2016-10-20 17:20:00","1008.5000","1013.5000","67.0000","1.6000","21.5000","96.0000","1.0000","596.56"
"B","3","3","2016-10-20 17:20:00,2016-10-20 17:40:00","1008.5000","1013.5000","67.0000","1.6000","21.5000","96.0000","1.0000","779"
"B","3","3","2016-10-20 17:40:00,2016-10-20 18:00:00","1008.5000","1013.5000","67.0000","1.6000","21.5000","96.0000","1.0000","198.16"
"B","3","3","2016-10-20 18:00:00,2016-10-20 18:20:00","1007.3000","1012.3000","94.0000","1.6000","21.7000","93.0000","0.0000","701.74"
"B","3","3","2016-10-20 18:20:00,2016-10-20 18:40:00","1007.3000","1012.3000","94.0000","1.6000","21.7000","93.0000","0.0000","200.32"
"B","3","3","2016-10-20 18:40:00,2016-10-20 19:00:00","1007.3000","1012.3000","94.0000","1.6000","21.7000","93.0000","0.0000","687.43"
"B","3","4","2016-10-21 17:00:00,2016-10-21 17:20:00","1005.8000","1010.8000","357.0000","2.1000","21.1000","98.0000","0.0000","780.76"
"B","3","4","2016-10-21 17:20:00,2016-10-21 17:40:00","1005.8000","1010.8000","357.0000","2.1000","21.1000","98.0000","0.0000","255.91"
"B","3","4","2016-10-21 17:40:00,2016-10-21 18:00:00","1005.8000","1010.8000","357.0000","2.1000","21.1000","98.0000","0.0000","527.4"
"B","3","4","2016-10-21 18:00:00,2016-10-21 18:20:00","1005.3000","1010.3000","342.0000","2.5000","21.0000","98.0000","1.3000","255.11"
"B","3","4","2016-10-21 18:20:00,2016-10-21 18:40:00","1005.3000","1010.3000","342.0000","2.5000","21.0000","98.0000","1.3000","492.8"
"B","3","4","2016-10-21 18:40:00,2016-10-21 19:00:00","1005.3000","1010.3000","342.0000","2.5000","21.0000","98.0000","1.3000","573.41"
"B","3","5","2016-10-22 17:00:00,2016-10-22 17:20:00","1004.0000","1009.0000","352.0000","4.8000","20.7000","96.0000","1.6000","683.82"
"B","3","5","2016-10-22 17:20:00,2016-10-22 17:40:00","1004.0000","1009.0000","352.0000","4.8000","20.7000","96.0000","1.6000","579.51"
"B","3","5","2016-10-22 17:40:00,2016-10-22 18:00:00","1004.0000","1009.0000","352.0000","4.8000","20.7000","96.0000","1.6000","370.32"
"B","3","5","2016-10-22 18:00:00,2016-10-22 18:20:00","1005.3000","1010.3000","0.0000","6.0000","20.8000","95.0000","0.0000","583.17"
"B","3","5","2016-10-22 18:20:00,2016-10-22 18:40:00","1005.3000","1010.3000","0.0000","6.0000","20.8000","95.0000","0.0000","483.32"
"B","3","5","2016-10-22 18:40:00,2016-10-22 19:00:00","1005.3000","1010.3000","0.0000","6.0000","20.8000","95.0000","0.0000","312.53"
"B","3","6","2016-10-23 17:00:00,2016-10-23 17:20:00","1011.4000","1016.4000","326.0000","1.1000","19.7000","92.0000","0.0000","226.11"
"B","3","6","2016-10-23 17:20:00,2016-10-23 17:40:00","1011.4000","1016.4000","326.0000","1.1000","19.7000","92.0000","0.0000","40.85"
"B","3","6","2016-10-23 17:40:00,2016-10-23 18:00:00","1011.4000","1016.4000","326.0000","1.1000","19.7000","92.0000","0.0000","24.97"
"B","3","6","2016-10-23 18:00:00,2016-10-23 18:20:00","1011.0000","1016.0000","43.0000","0.8000","19.3000","92.0000","0.0000","286.77"
"B","3","6","2016-10-23 18:20:00,2016-10-23 18:40:00","1011.0000","1016.0000","43.0000","0.8000","19.3000","92.0000","0.0000","252.69"
"B","3","6","2016-10-23 18:40:00,2016-10-23 19:00:00","1011.0000","1016.0000","43.0000","0.8000","19.3000","92.0000","0.0000","610.84"
"B","3","0","2016-10-24 17:00:00,2016-10-24 17:20:00","1008.0000","1013.0000","210.0000","1.4000","21.0000","91.0000","0.0000","542.78"
"B","3","0","2016-10-24 17:20:00,2016-10-24 17:40:00","1008.0000","1013.0000","210.0000","1.4000","21.0000","91.0000","0.0000","516.83"
"B","3","0","2016-10-24 17:40:00,2016-10-24 18:00:00","1008.0000","1013.0000","210.0000","1.4000","21.0000","91.0000","0.0000","707.16"
"B","3","0","2016-10-24 18:00:00,2016-10-24 18:20:00","1007.3000","1012.3000","226.0000","3.0000","20.7000","94.0000","0.0000","68.16"
"B","3","0","2016-10-24 18:20:00,2016-10-24 18:40:00","1007.3000","1012.3000","226.0000","3.0000","20.7000","94.0000","0.0000","674.98"
"B","3","0","2016-10-24 18:40:00,2016-10-24 19:00:00","1007.3000","1012.3000","226.0000","3.0000","20.7000","94.0000","0.0000","357.32"
"C","1","1","2016-10-18 17:00:00,2016-10-18 17:20:00","1013.7000","1018.7000","90.0000","1.9000","20.1000","95.0000","0.1000","82.85"
"C","1","1","2016-10-18 17:20:00,2016-10-18 17:40:00","1013.7000","1018.7000","90.0000","1.9000","20.1000","95.0000","0.1000","53.57"
"C","1","1","2016-10-18 17:40:00,2016-10-18 18:00:00","1013.7000","1018.7000","90.0000","1.9000","20.1000","95.0000","0.1000","291.74"
"C","1","1","2016-10-18 18:00:00,2016-10-18 18:20:00","1012.1000","1017.1000","125.0000","2.3000","20.0000","96.0000","1.3000","692.04"
"C","1","1","2016-10-18 18:20:00,2016-10-18 18:40:00","1012.1000","1017.1000","125.0000","2.3000","20.0000","96.0000","1.3000","391.05"
"C","1","1","2016-10-18 18:40:00,2016-10-18 19:00:00","1012.1000","1017.1000","125.0000","2.3000","20.0000","96.0000","1.3000","789.64"
"C","1","2","2016-10-19 17:00:00,2016-10-19 17:20:00","1011.6000","1016.6000","61.0000","1.2000","20.6000","96.0000","1.5000","616.21"
"C","1","2","2016-10-19 17:20:00,2016-10-19 17:40:00","1011.6000","1016.6000","61.0000","1.2000","20.6000","96.0000","1.5000","627.52"
"C","1","2","2016-10-19 17:40:00,2016-10-19 18:00:00","1011.6000","1016.6000","61.0000","1.2000","20.6000","96.0000","1.5000","752.32"
"C","1","2","2016-10-19 18:00:00,2016-10-19 18:20:00","1010.1000","1015.1000","325.0000","0.5000","20.7000","97.0000","0.1000","703.93"
"C","1","2","2016-10-19 18:20:00,2016-10-19 18:40:00","1010.1000","1015.1000","325.0000","0.5000","20.7000","97.0000","0.1000","116.12"
"C","1","2","2016-10-19 18:40:00,2016-10-19 19:00:00","1010.1000","1015.1000","325.0000","0.5000","20.7000","97.0000","0.1000","205.9"
"C","1","3","2016-10-20 17:00:00,2016-10-20 17:20:00","1008.5000","1013.5000","67.0000","1.6000","21.5000","96.0000","1.0000","505.02"
"C","1","3","2016-10-20 17:20:00,2016-10-20 17:40:00","1008.5000","1013.5000","67.0000","1.6000","21.5000","96.0000","1.0000","776.69"
"C","1","3","2016-10-20 17:40:00,2016-10-20 18:00:00","1008.5000","1013.5000","67.0000","1.6000","21.5000","96.0000","1.0000","208.18"
"C","1","3","2016-10-20 18:00:00,2016-10-20 18:20:00","1007.3000","1012.3000","94.0000","1.6000","21.7000","93.0000","0.0000","126.38"
"C","1","3","2016-10-20 18:20:00,2016-10-20 18:40:00","1007.3000","1012.3000","94.0000","1.6000","21.7000","93.0000","0.0000","47.75"
"C","1","3","2016-10-20 18:40:00,2016-10-20 19:00:00","1007.3000","1012.3000","94.0000","1.6000","21.7000","93.0000","0.0000","625.13"
"C","1","4","2016-10-21 17:00:00,2016-10-21 17:20:00","1005.8000","1010.8000","357.0000","2.1000","21.1000","98.0000","0.0000","278.73"
"C","1","4","2016-10-21 17:20:00,2016-10-21 17:40:00","1005.8000","1010.8000","357.0000","2.1000","21.1000","98.0000","0.0000","55.62"
"C","1","4","2016-10-21 17:40:00,2016-10-21 18:00:00","1005.8000","1010.8000","357.0000","2.1000","21.1000","98.0000","0.0000","62.47"
"C","1","4","2016-10-21 18:00:00,2016-10-21 18:20:00","1005.3000","1010.3000","342.0000","2.5000","21.0000","98.0000","1.3000","236.19"
"C","1","4","2016-10-21 18:20:00,2016-10-21 18:40:00","1005.3000","1010.3000","342.0000","2.5000","21.0000","98.0000","1.3000","762.52"
"C","1","4","2016-10-21 18:40:00,2016-10-21 19:00:00","1005.3000","1010.3000","342.0000","2.5000","21.0000","98.0000","1.3000","230.61"
"C","1","5","2016-10-22 17:00:00,2016-10-22 17:20:00","1004.0000","1009.0000","352.0000","4.8000","20.7000","96.0000","1.6000","388.39"
"C","1","5","2016-10-22 17:20:00,2016-10-22 17:40:00","1004.0000","1009.0000","352.0000","4.8000","20.7000","96.0000","1.6000","287.29"
"C","1","5","2016-10-22 17:40:00,2016-10-22 18:00:00","1004.0000","1009.0000","352.0000","4.8000","20.7000","96.0000","1.6000","228.77"
"C","1","5","2016-10-22 18:00:00,2016-10-22 18:20:00","1005.3000","1010.3000","0.0000","6.0000","20.8000","95.0000","0.0000","166.85"
"C","1","5","2016-10-22 18:20:00,2016-10-22 18:40:00","1005.3000","1010.3000","0.0000","6.0000","20.8000","95.0000","0.0000","245.35"
"C","1","5","2016-10-22 18:40:00,2016-10-22 19:00:00","1005.3000","1010.3000","0.0000","6.0000","20.8000","95.0000","0.0000","604.09"
"C","1","6","2016-10-23 17:00:00,2016-10-23 17:20:00","1011.4000","1016.4000","326.0000","1.1000","19.7000","92.0000","0.0000","239.72"
"C","1","6","2016-10-23 17:20:00,2016-10-23 17:40:00","1011.4000","1016.4000","326.0000","1.1000","19.7000","92.0000","0.0000","419.64"
"C","1","6","2016-10-23 17:40:00,2016-10-23 18:00:00","1011.4000","1016.4000","326.0000","1.1000","19.7000","92.0000","0.0000","34.53"
"C","1","6","2016-10-23 18:00:00,2016-10-23 18:20:00","1011.0000","1016.0000","43.0000","0.8000","19.3000","92.0000","0.0000","413.23"
"C","1","6","2016-10-23 18:20:00,2016-10-23 18:40:00","1011.0000","1016.0000","43.0000","0.8000","19.3000","92.0000","0.0000","58.85"
"C","1","6","2016-10-23 18:40:00,2016-10-23 19:00:00","1011.0000","1016.0000","43.0000","0.8000","19.3000","92.0000","0.0000","282.06"
"C","1","0","2016-10-24 17:00:00,2016-10-24 17:20:00","1008.0000","1013.0000","210.0000","1.4000","21.0000","91.0000","0.0000","493.19"
"C","1","0","2016-10-24 17:20:00,2016-10-24 17:40:00","1008.0000","1013.0000","210.0000","1.4000","21.0000","91.0000","0.0000","155.3"
"C","1","0","2016-10-24 17:40:00,2016-10-24 18:00:00","1008.0000","1013.0000","210.0000","1.4000","21.0000","91.0000","0.0000","470.54"
"C","1","0","2016-10-24 18:00:00,2016-10-24 18:20:00","1007.3000","1012.3000","226.0000","3.0000","20.7000","94.0000","0.0000","560.95"
"C","1","0","2016-10-24 18:20:00,2016-10-24 18:40:00","1007.3000","1012.3000","226.0000","3.0000","20.7000","94.0000","0.0000","460.21"
"C","1","0","2016-10-24 18:40:00,2016-10-24 19:00:00","1007.3000","1012.3000","226.0000","3.0000","20.7000","94.0000","0.0000","610.65"
"C","3","1","2016-10-18 17:00:00,2016-10-18 17:20:00","1013.7000","1018.7000","90.0000","1.9000","20.1000","95.0000","0.1000","232.39"
"C","3","1","2016-10-18 17:20:00,2016-10-18 17:40:00","1013.7000","1018.7000","90.0000","1.9000","20.1000","95.0000","0.1000","207.16"
"C","3","1","2016-10-18 17:40:00,2016-10-18 18:00:00","1013.7000","1018.7000","90.0000","1.9000","20.1000","95.0000","0.1000","788.3"
"C","3","1","2016-10-18 18:00:00,2016-10-18 18:20:00","1012.1000","1017.1000","125.0000","2.3000","20.0000","96.0000","1.3000","313.43"
"C","3","1","2016-10-18 18:20:00,2016-10-18 18:40:00","1012.1000","1017.1000","125.0000","2.3000","20.0000","96.0000","1.3000","344.35"
"C","3","1","2016-10-18 18:40:00,2016-10-18 19:00:00","1012.1000","1017.1000","125.0000","2.3000","20.0000","96.0000","1.3000","728.6"
"C","3","2","2016-10-19 17:00:00,2016-10-19 17:20:00","1011.6000","1016.6000","61.0000","1.2000","20.6000","96.0000","1.5000","374.33"
"C","3","2","2016-10-19 17:20:00,2016-10-19 17:40:00","1011.6000","1016.6000","61.0000","1.2000","20.6000","96.0000","1.5000","610.49"
"C","3","2","2016-10-19 17:40:00,2016-10-19 18:00:00","1011.6000","1016.6000","61.0000","1.2000","20.6000","96.0000","1.5000","423.57"
"C","3","2","2016-10-19 18:00:00,2016-10-19 18:20:00","1010.1000","1015.1000","325.0000","0.5000","20.7000","97.0000","0.1000","403.44"
"C","3","2","2016-10-19 18:20:00,2016-10-19 18:40:00","1010.1000","1015.1000","325.0000","0.5000","20.7000","97.0000","0.1000","631.39"
"C","3","2","2016-10-19 18:40:00,2016-10-19 19:00:00","1010.1000","1015.1000","325.0000","0.5000","20.7000","97.0000","0.1000","224.41"
"C","3","3","2016-10-20 17:00:00,2016-10-20 17:20:00","1008.5000","1013.5000","67.0000","1.6000","21.5000","96.0000","1.0000","657.24"
"C","3","3","2016-10-20 17:20:00,2016-10-20 17:40:00","1008.5000","1013.5000","67.0000","1.6000","21.5000","96.0000","1.0000","71.66"
"C","3","3","2016-10-20 17:40:00,2016-10-20 18:00:00","1008.5000","1013.5000","67.0000","1.6000","21.5000","96.0000","1.0000","390.83"
"C","3","3","2016-10-20 18:00:00,2016-10-20 18:20:00","1007.3000","1012.3000","94.0000","1.6000","21.7000","93.0000","0.0000","559.06"
"C","3","3","2016-10-20 18:20:00,2016-10-20 18:40:00","1007.3000","1012.3000","94.0000","1.6000","21.7000","93.0000","0.0000","331.23"
"C","3","3","2016-10-20 18:40:00,2016-10-20 19:00:00","1007.3000","1012.3000","94.0000","1.6000","21.7000","93.0000","0.0000","743.05"
"C","3","4","2016-10-21 17:00:00,2016-10-21 17:20:00","1005.8000","1010.8000","357.0000","2.1000","21.1000","98.0000","0.0000","297.78"
"C","3","4","2016-10-21 17:20:00,2016-10-21 17:40:00","1005.8000","1010.8000","357.0000","2.1000","21.1000","98.0000","0.0000","269.7"
"C","3","4","2016-10-21 17:40:00,2016-10-21 18:00:00","1005.8000","1010.8000","357.0000","2.1000","21.1000","98.0000","0.0000","533.29"
"C","3","4","2016-10-21 18:00:00,2016-10-21 18:20:00","1005.3000","1010.3000","342.0000","2.5000","21.0000","98.0000","1.3000","611.21"
"C","3","4","2016-10-21 18:20:00,2016-10-21 18:40:00","1005.3000","1010.3000","342.0000","2.5000","21.0000","98.0000","1.3000","605.76"
"C","3","4","2016-10-21 18:40:00,2016-10-21 19:00:00","1005.3000","1010.3000","342.0000","2.5000","21.0000","98.0000","1.3000","608.09"
"C","3","5","2016-10-22 17:00:00,2016-10-22 17:20:00","1004.0000","1009.0000","352.0000","4.8000","20.7000","96.0000","1.6000","772.61"
"C","3","5","2016-10-22 17:20:00,2016-10-22 17:40:00","1004.0000","1009.0000","352.0000","4.8000","20.7000","96.0000","1.6000","379.59"
"C","3","5","2016-10-22 17:40:00,2016-10-22 18:00:00","1004.0000","1009.0000","352.0000","4.8000","20.7000","96.0000","1.6000","653.98"
"C","3","5","2016-10-22 18:00:00,2016-10-22 18:20:00","1005.3000","1010.3000","0.0000","6.0000","20.8000","95.0000","0.0000","59.01"
"C","3","5","2016-10-22 18:20:00,2016-10-22 18:40:00","1005.3000","1010.3000","0.0000","6.0000","20.8000","95.0000","0.0000","127.81"
"C","3","5","2016-10-22 18:40:00,2016-10-22 19:00:00","1005.3000","1010.3000","0.0000","6.0000","20.8000","95.0000","0.0000","652.77"
"C","3","6","2016-10-23 17:00:00,2016-10-23 17:20:00","1011.4000","1016.4000","326.0000","1.1000","19.7000","92.0000","0.0000","324.3"
"C","3","6","2016-10-23 17:20:00,2016-10-23 17:40:00","1011.4000","1016.4000","326.0000","1.1000","19.7000","92.0000","0.0000","257.89"
"C","3","6","2016-10-23 17:40:00,2016-10-23 18:00:00","1011.4000","1016.4000","326.0000","1.1000","19.7000","92.0000","0.0000","660.74"
"C","3","6","2016-10-23 18:00:00,2016-10-23 18:20:00","1011.0000","1016.0000","43.0000","0.8000","19.3000","92.0000","0.0000","652.06"
"C","3","6","2016-10-23 18:20:00,2016-10-23 18:40:00","1011.0000","1016.0000","43.0000","0.8000","19.3000","92.0000","0.0000","246.43"
"C","3","6","2016-10-23 18:40:00,2016-10-23 19:00:00","1011.0000","1016.0000","43.0000","0.8000","19.3000","92.0000","0.0000","486.65"
"C","3","0","2016-10-24 17:00:00,2016-10-24 17:20:00","1008.0000","1013.0000","210.0000","1.4000","21.0000","91.0000","0.0000","437.11"
"C","3","0","2016-10-24 17:20:00,2016-10-24 17:40:00","1008.0000","1013.0000","210.0000","1.4000","21.0000","91.0000","0.0000","485.05"
"C","3","0","2016-10-24 17:40:00,2016-10-24 18:00:00","1008.0000","1013.0000","210.0000","1.4000","21.0000","91.0000","0.0000","83.02"
"C","3","0","2016-10-24 18:00:00,2016-10-24 18:20:00","1007.3000","1012.3000","226.0000","3.0000","20.7000","94.0000","0.0000","748.61"
"C","3","0","2016-10-24 18:20:00,2016-10-24 18:40:00","1007.3000","1012.3000","226.0000","3.0000","20.7000","94.0000","0.0000","623.45"
"C","3","0","2016-10-24 18:40:00,2016-10-24 19:00:00","1007.3000","1012.3000","226.0000","3.0000","20.7000","94.0000","0.0000","559.67"
